Date, Organic pages (Monthly volume - All locations), Organic traffic (Monthly volume - All locations)
2025-10-15, 1, 0
2025-10-16, 1, 0
2025-10-17, 1, 0
2025-10-18, 1, 9
2025-10-19, 1, 12
2025-10-20, 1, 3
2025-10-21, 1, 4
2025-10-22, 1, 4
2025-10-23, 1, 4
2025-10-24, 2, 4
2025-10-25, 3, 6
2025-10-26, 4, 5
2025-10-27, 4, 5
2025-10-28, 4, 5
2025-10-29, 3, 5
2025-10-30, 3, 5
2025-10-31, 2, 375
2025-11-01, 1, 380
2025-11-02, 1, 381
2025-11-03, 1, 381
2025-11-04, 1, 121
2025-11-05, 1, 129
2025-11-06, 1, 129
2025-11-07, 2, 376
2025-11-08, 2, 376
2025-11-09, 2, 377
2025-11-10, 2, 130
2025-11-11, 2, 213
2025-11-12, 2, 215
2025-11-13, 2, 493
2025-11-14, 2, 630
2025-11-15, 2, 671
2025-11-16, 2, 677
2025-11-17, 2, 728
2025-11-18, 3, 734
2025-11-19, 3, 734
2025-11-20, 3, 736
2025-11-21, 3, 736
2025-11-22, 3, 739
2025-11-23, 2, 739
2025-11-24, 3, 740
2025-11-25, 3, 752
2025-11-26, 3, 752
2025-11-27, 3, 739
2025-11-28, 4, 726
2025-11-29, 4, 462
2025-11-30, 4, 475
2025-12-01, 4, 494
2025-12-02, 4, 494
2025-12-03, 4, 494
2025-12-04, 4, 494
2025-12-05, 4, 494
2025-12-06, 4, 494
2025-12-07, 4, 494
2025-12-08, 4, 493
2025-12-09, 5, 493
2025-12-10, 5, 493
2025-12-11, 5, 493
2025-12-12, 5, 745
2025-12-13, 5, 747
2025-12-14, 6, 748
2025-12-15, 7, 756
2025-12-16, 7, 756
2025-12-17, 7, 756
2025-12-18, 8, 756
2025-12-19, 8, 759
2025-12-20, 8, 768
2025-12-21, 8, 751
2025-12-22, 8, 524
2025-12-23, 8, 518
2025-12-24, 8, 472
2025-12-25, 8, 428
2025-12-26, 8, 677
2025-12-27, 7, 755
2025-12-28, 7, 758
2025-12-29, 7, 759
2025-12-30, 8, 762
2025-12-31, 9, 807
2026-01-01, 9, 810
2026-01-02, 9, 817
2026-01-03, 8, 850
2026-01-04, 8, 853
2026-01-05, 8, 853
2026-01-06, 8, 853
2026-01-07, 8, 893
2026-01-08, 8, 922
2026-01-09, 8, 922
2026-01-10, 8, 923
2026-01-11, 8, 1018
2026-01-12, 8, 1209
2026-01-13, 8, 1209
2026-01-14, 8, 1209
2026-01-15, 8, 1242
2026-01-16, 8, 1194
2026-01-17, 10, 1205
2026-01-18, 10, 1218
2026-01-19, 10, 1237
2026-01-20, 10, 1442
2026-01-21, 10, 1442
2026-01-22, 9, 1468
2026-01-23, 9, 1674
2026-01-24, 9, 1774
2026-01-25, 9, 2022
2026-01-26, 9, 1952
2026-01-27, 9, 2070
2026-01-28, 9, 2075
2026-01-29, 9, 2113
2026-01-30, 9, 1777
2026-01-31, 10, 1778
2026-02-01, 10, 1778
2026-02-02, 12, 1778
2026-02-03, 13, 1822
2026-02-04, 14, 1834
2026-02-05, 14, 1748
2026-02-06, 14, 1775
2026-02-07, 14, 1792
2026-02-08, 14, 1877
2026-02-09, 14, 1877
2026-02-10, 15, 1876
2026-02-11, 15, 1892
2026-02-12, 16, 1866
2026-02-13, 16, 1835
2026-02-14, 18, 2885
2026-02-15, 19, 3056
2026-02-16, 21, 3149
2026-02-17, 21, 3408
2026-02-18, 22, 3311
2026-02-19, 22, 2175
2026-02-20, 21, 2175
2026-02-21, 22, 2185
2026-02-22, 22, 1919
2026-02-23, 21, 1916
2026-02-24, 22, 1920
2026-02-25, 23, 5401
2026-02-26, 23, 6214
2026-02-27, 23, 6350
2026-02-28, 23, 6458
2026-03-01, 23, 6596
2026-03-02, 25, 3437
2026-03-03, 25, 5755
2026-03-04, 27, 6282
2026-03-05, 27, 7313
2026-03-06, 26, 10497
2026-03-07, 27, 10189
2026-03-08, 28, 11028
2026-03-09, 28, 11472
2026-03-10, 29, 11359
2026-03-11, 29, 11363
2026-03-12, 30, 11433
2026-03-13, 30, 11433
2026-03-14, 30, 11474
2026-03-15, 29, 11856
2026-03-16, 31, 12057
2026-03-17, 31, 15724
2026-03-18, 32, 23791
2026-03-19, 33, 23559
2026-03-20, 33, 24330
2026-03-21, 33, 24119
2026-03-22, 31, 27689
2026-03-23, 31, 27024
2026-03-24, 31, 24651
2026-03-25, 31, 16353
2026-03-26, 32, 16217
2026-03-27, 32, 13480
2026-03-28, 33, 8381
2026-03-29, 34, 8069
2026-03-30, 33, 7978
2026-03-31, 33, 7955
2026-04-01, 32, 7666
2026-04-02, 32, 7687
2026-04-03, 34, 7790
2026-04-04, 35, 5763
2026-04-05, 35, 5874
2026-04-06, 34, 5451
2026-04-07, 35, 5342
2026-04-08, 35, 5832
2026-04-09, 36, 5868
2026-04-10, 35, 5615
2026-04-11, 33, 4336
2026-04-12, 34, 4153
2026-04-13, 34, 4101
2026-04-14, 34, 4045
2026-04-15, 34, 4036